component,value,share_of_total
expansion_cost,54716840.79807301,0.43196730353417
new_build_cost,44180000.0,0.348783211745875
under5_equipment_cost,27772100.0,0.2192494847199551
total_objective,126668940.798073,1.0
